订单号,商品编码,商品描述,购买数量,下单时间,单价,客户ID,国家
555200,71459,HANGING JAM JAR T-LIGHT HOLDER,24,2011-06-01 12:05:00,0.85,17315,United Kingdom
554974,21128,GOLD FISHING GNOME,4,2011-05-27 17:14:00,6.95,14031,United Kingdom
550972,21086,SET/6 RED SPOTTY PAPER CUPS,4,2011-04-21 17:05:00,0.65,14031,United Kingdom
576652,22812,PACK 3 BOXES CHRISTMAS PANETTONE,3,2011-11-16 10:39:00,1.95,17198,United Kingdom
546157,22180,RETROSPOT LAMP,2,2011-03-10 08:40:00,9.95,13502,United Kingdom
576200,82482,WOODEN PICTURE FRAME WHITE FINISH,2,2011-11-14 12:14:00,2.95,15572,United Kingdom
577076,22614,PACK OF 12 SPACEBOY TISSUES,12,2011-11-17 15:08:00,0.39,14362,United Kingdom
568909,22596,CHRISTMAS STAR WISH LIST CHALKBOARD,12,2011-09-29 13:38:00,1.25,16818,United Kingdom
578072,21109,LARGE CAKE TOWEL CHOCOLATE SPOTS,1,2011-11-22 16:02:00,6.75,17759,United Kingdom
560491,23297,SET 40 HEART SHAPE PETIT FOUR CASES,2,2011-07-19 10:51:00,1.65,12415,Australia
545721,82484,WOOD BLACK BOARD ANT WHITE FINISH,1,2011-03-07 10:52:00,7.9,15039,United Kingdom
573399,21108,FAIRY CAKE FLANNEL ASSORTED COLOUR,18,2011-10-30 15:35:00,0.79,13949,United Kingdom
551954,22799,SWEETHEART WIRE FRUIT BOWL,1,2011-05-05 12:13:00,8.5,14515,United Kingdom
563745,22115,METAL SIGN EMPIRE TEA,12,2011-08-19 09:38:00,0.79,15159,United Kingdom
540418,22161,HEART DECORATION RUSTIC HANGING ,5,2011-01-07 11:04:00,0.81,,United Kingdom
546237,84508A,CAMOUFLAGE DESIGN TEDDY,6,2011-03-10 12:50:00,2.55,16625,United Kingdom
548005,21499,BLUE POLKADOT WRAP,25,2011-03-29 10:49:00,0.42,14128,United Kingdom
539000,22622,BOX OF VINTAGE ALPHABET BLOCKS,4,2010-12-15 12:27:00,9.95,13092,United Kingdom
545715,82600,NO SINGING METAL SIGN,1,2011-03-07 10:13:00,4.13,,United Kingdom
C572489,22465,HANGING METAL STAR LANTERN,-5,2011-10-24 13:59:00,1.65,17119,United Kingdom
577820,23169,CLASSIC GLASS COOKIE JAR,18,2011-11-22 09:24:00,3.75,13408,United Kingdom
555091,21936,RED RETROSPOT PICNIC BAG,1,2011-05-31 12:50:00,2.95,12748,United Kingdom
556106,22669,RED BABY BUNTING ,2,2011-06-08 16:54:00,2.95,14056,United Kingdom
537159,22667,RECIPE BOX RETROSPOT ,1,2010-12-05 13:17:00,2.95,14527,United Kingdom
565841,22555,PLASTERS IN TIN STRONGMAN,1,2011-09-07 12:04:00,3.29,,United Kingdom
536532,20685,DOORMAT RED RETROSPOT,2,2010-12-01 13:24:00,7.95,12433,Norway
572681,23232,WRAP VINTAGE LEAF DESIGN,25,2011-10-25 13:51:00,0.42,13510,United Kingdom
548309,22586,FELTCRAFT HAIRBAND PINK AND BLUE,1,2011-03-30 12:02:00,0.85,16657,United Kingdom
577531,22699,ROSES REGENCY TEACUP AND SAUCER ,7,2011-11-20 13:58:00,5.79,,United Kingdom
559133,21987,PACK OF 6 SKULL PAPER CUPS,2,2011-07-06 13:13:00,0.65,17861,United Kingdom
566922,23420,PANTRY HOOK TEA STRAINER ,12,2011-09-15 14:58:00,2.08,16156,United Kingdom
545227,21080,SET/20 RED RETROSPOT PAPER NAPKINS ,24,2011-03-01 09:35:00,0.85,12428,Finland
574074,35095A,BLUE VICTORIAN FABRIC OVAL BOX,2,2011-11-02 15:33:00,0.83,,United Kingdom
569026,23203,JUMBO BAG VINTAGE DOILY ,10,2011-09-30 10:18:00,2.08,16101,United Kingdom
538163,22468,BABUSHKA LIGHTS STRING OF 10,2,2010-12-09 17:27:00,6.75,17841,United Kingdom
572719,23031,DRAWER KNOB CRACKLE GLAZE PINK,12,2011-10-25 15:03:00,1.65,13871,United Kingdom
552828,22046,TEA PARTY  WRAPPING PAPER ,25,2011-05-11 13:23:00,0.42,13662,United Kingdom
575922,23225,CHERUB HEART DECORATION SILVER ,24,2011-11-11 17:10:00,0.83,15681,United Kingdom
C546730,22720,SET OF 3 CAKE TINS PANTRY DESIGN ,-1,2011-03-16 11:39:00,4.95,18183,United Kingdom
560267,71477,COLOUR GLASS. STAR T-LIGHT HOLDER,4,2011-07-17 14:05:00,3.25,13880,United Kingdom
540468,21413,PERIWINKLE T-LIGHT HOLDER,1,2011-01-07 13:55:00,2.51,,United Kingdom
545701,48116,DOORMAT MULTICOLOUR STRIPE,10,2011-03-06 15:17:00,6.75,17107,United Kingdom
567656,51014A,"FEATHER PEN,HOT PINK",26,2011-09-21 14:40:00,0.83,14096,United Kingdom
575063,35970,ZINC FOLKART SLEIGH BELLS,3,2011-11-08 12:32:00,1.69,16764,United Kingdom
556917,22659,LUNCH BOX I LOVE LONDON,128,2011-06-15 13:37:00,1.65,12415,Australia
561369,22268,DECORATION SITTING BUNNY,2,2011-07-26 16:21:00,0.63,,United Kingdom
538449,82599,FANNY'S REST STOPMETAL SIGN,2,2010-12-12 12:24:00,2.1,17085,United Kingdom
536531,22726,ALARM CLOCK BAKELIKE GREEN,9,2010-12-01 13:23:00,3.75,15485,United Kingdom
C559030,84857C,PINK MONTE CARLO HANDBAG,-1,2011-07-05 14:51:00,1.95,16571,United Kingdom
540681,82494L,WOODEN FRAME ANTIQUE WHITE ,1,2011-01-10 16:25:00,7.62,,United Kingdom
562377,23165,LARGE CERAMIC TOP STORAGE JAR,6,2011-08-04 15:04:00,1.65,14535,United Kingdom
568144,21933,PINK VINTAGE PAISLEY PICNIC BAG,10,2011-09-25 11:29:00,1.65,14005,United Kingdom
554016,21916,SET 12 RETRO WHITE CHALK STICKS,6,2011-05-20 13:14:00,0.42,13243,United Kingdom
562717,22784,LANTERN CREAM GAZEBO ,1,2011-08-08 15:42:00,10.79,,United Kingdom
554959,85099B,JUMBO BAG RED RETROSPOT,2,2011-05-27 15:18:00,4.13,,United Kingdom
550512,22523,CHILDS GARDEN FORK PINK,2,2011-04-18 16:31:00,0.85,18069,United Kingdom
578844,21317,GLASS SPHERE CANDLE STAND MEDIUM,4,2011-11-25 16:14:00,10.79,,United Kingdom
572669,22416,SET OF 36 SPACEBOY PAPER DOILIES,1,2011-10-25 13:10:00,1.45,16549,United Kingdom
553504,47590B,PINK HAPPY BIRTHDAY BUNTING,3,2011-05-17 13:26:00,5.45,13310,United Kingdom
565117,84879,ASSORTED COLOUR BIRD ORNAMENT,40,2011-09-01 11:33:00,1.69,13089,United Kingdom
566422,82483,WOOD 2 DRAWER CABINET WHITE FINISH,4,2011-09-12 13:56:00,6.95,13064,United Kingdom
536593,22366,DOORMAT AIRMAIL ,2,2010-12-01 17:15:00,7.95,16835,United Kingdom
578041,84029G,KNITTED UNION FLAG HOT WATER BOTTLE,3,2011-11-22 14:23:00,4.25,17338,United Kingdom
553525,21385,IVORY HANGING DECORATION  HEART,24,2011-05-17 14:50:00,0.85,16266,United Kingdom
548728,22367,CHILDRENS APRON SPACEBOY DESIGN,8,2011-04-04 09:55:00,1.95,13198,United Kingdom
551660,23148,MINIATURE ANTIQUE ROSE HOOK IVORY,12,2011-05-03 12:16:00,0.83,15271,United Kingdom
555383,21731,RED TOADSTOOL LED NIGHT LIGHT,5,2011-06-02 15:13:00,1.65,12517,Germany
578998,21810,CHRISTMAS HANGING STAR WITH BELL,1,2011-11-27 16:05:00,0.39,15436,United Kingdom
579777,21877,HOME SWEET HOME MUG,1,2011-11-30 15:13:00,3.29,,United Kingdom
557233,22561,WOODEN SCHOOL COLOURING SET,3,2011-06-17 14:44:00,1.65,15356,United Kingdom
555924,85131B,BEADED CRYSTAL HEART GREEN ON STICK,5,2011-06-07 17:12:00,0.83,,United Kingdom
558232,21927,BLUE/CREAM STRIPE CUSHION COVER ,2,2011-06-27 14:30:00,1.25,17841,United Kingdom
543021,22352,LUNCH BOX WITH CUTLERY RETROSPOT ,6,2011-02-02 14:36:00,2.55,15421,United Kingdom
575070,23427,STOOL HOME SWEET HOME ,2,2011-11-08 12:58:00,12.5,17841,United Kingdom
544322,79000,MOROCCAN TEA GLASS,24,2011-02-17 15:50:00,0.85,14211,United Kingdom
570019,23501,KEY RING BASEBALL BOOT UNION JACK,1,2011-10-07 10:13:00,1.25,17841,United Kingdom
553900,22890,NOVELTY BISCUITS CAKE STAND 3 TIER,4,2011-05-19 17:47:00,9.95,12353,Bahrain
579619,21174,POTTERING IN THE SHED METAL SIGN,12,2011-11-30 12:10:00,2.08,18241,United Kingdom
559200,84375,SET OF 20 KIDS COOKIE CUTTERS,1,2011-07-07 10:36:00,2.1,13291,United Kingdom
540464,84792,ENCHANTED BIRD COATHANGER 5 HOOK,8,2011-01-07 13:17:00,3.81,14298,United Kingdom
548336,15036,ASSORTED COLOURS SILK FAN,600,2011-03-30 14:06:00,0.65,13082,United Kingdom
574257,72818,,-3,2011-11-03 13:46:00,0,,United Kingdom
575051,21623,VINTAGE UNION JACK MEMOBOARD,2,2011-11-08 12:14:00,9.95,15957,United Kingdom
568095,90201B,BLACK ENAMEL FLOWER RING,6,2011-09-23 14:49:00,2.95,14911,EIRE
544646,71038,WHITE HANGING BEADS CANDLE HOLDER,4,2011-02-22 12:06:00,5.45,17075,United Kingdom
580610,85049e,SCANDINAVIAN REDS RIBBONS,2,2011-12-05 11:48:00,3.29,,United Kingdom
542112,22423,REGENCY CAKESTAND 3 TIER,2,2011-01-25 13:55:00,12.75,13168,United Kingdom
566203,84946,ANTIQUE SILVER T-LIGHT GLASS,12,2011-09-09 14:47:00,1.25,16362,United Kingdom
578290,22670,FRENCH WC SIGN BLUE METAL,12,2011-11-23 14:07:00,1.25,13644,United Kingdom
547202,22652,TRAVEL SEWING KIT,1,2011-03-21 13:38:00,1.65,17841,United Kingdom
550496,84945,MULTI COLOUR SILVER T-LIGHT HOLDER,12,2011-04-18 15:05:00,1.8,,United Kingdom
540114,84030E,ENGLISH ROSE HOT WATER BOTTLE,8,2011-01-05 09:44:00,4.25,15498,United Kingdom
573909,22913,RED COAT RACK PARIS FASHION,1,2011-11-01 15:26:00,4.95,17813,United Kingdom
576611,23084,RABBIT NIGHT LIGHT,10,2011-11-15 16:29:00,2.08,17357,United Kingdom
538658,84360,TABLE LAMP WHITE SHADE WOOD BASE,2,2010-12-13 15:34:00,5.95,17969,United Kingdom
541181,22502,PICNIC BASKET WICKER SMALL,16,2011-01-14 11:50:00,4.95,12877,United Kingdom
577498,22749,FELTCRAFT PRINCESS CHARLOTTE DOLL,1,2011-11-20 12:22:00,3.75,15906,United Kingdom
549682,22923,FRIDGE MAGNETS LES ENFANTS ASSORTED,12,2011-04-11 13:22:00,0.85,12596,Spain
546396,72349B,SET/6 PURPLE BUTTERFLY T-LIGHTS,4,2011-03-11 14:35:00,2.1,13226,United Kingdom
567959,23205,CHARLOTTE BAG VINTAGE ALPHABET ,20,2011-09-23 09:13:00,0.85,12516,Germany
